<?xml version="1.0" encoding="UTF-8"?>
<project-private xmlns="http://www.netbeans.org/ns/project-private/1">
    <editor-bookmarks xmlns="http://www.netbeans.org/ns/editor-bookmarks/2" lastBookmarkId="0"/>
    <open-files xmlns="http://www.netbeans.org/ns/projectui-open-files/2">
        <group>
            <file>file:/C:/KULIAH%20INFORMATIKA/SEMESTER%204/PBO/Praktikum/Tugas/Tugas%208/UGD8_A_16/TGS8_A_16/src/tgs8_a_16/Manager.java</file>
            <file>file:/C:/KULIAH%20INFORMATIKA/SEMESTER%204/PBO/Praktikum/Tugas/Tugas%208/UGD8_A_16/TGS8_A_16/src/tgs8_a_16/CustomerService.java</file>
            <file>file:/C:/KULIAH%20INFORMATIKA/SEMESTER%204/PBO/Praktikum/Tugas/Tugas%208/UGD8_A_16/TGS8_A_16/src/tgs8_a_16/Admin.java</file>
            <file>file:/C:/KULIAH%20INFORMATIKA/SEMESTER%204/PBO/Praktikum/Tugas/Tugas%208/UGD8_A_16/TGS8_A_16/src/tgs8_a_16/IGaji.java</file>
            <file>file:/C:/KULIAH%20INFORMATIKA/SEMESTER%204/PBO/Praktikum/Tugas/Tugas%208/UGD8_A_16/TGS8_A_16/src/exception/ExceptionAlamat.java</file>
            <file>file:/C:/KULIAH%20INFORMATIKA/SEMESTER%204/PBO/Praktikum/Tugas/Tugas%208/UGD8_A_16/TGS8_A_16/src/tgs8_a_16/UGD8_A_16.java</file>
            <file>file:/C:/KULIAH%20INFORMATIKA/SEMESTER%204/PBO/Praktikum/Tugas/Tugas%208/UGD8_A_16/TGS8_A_16/src/exception/ExceptionBonus.java</file>
            <file>file:/C:/KULIAH%20INFORMATIKA/SEMESTER%204/PBO/Praktikum/Tugas/Tugas%208/UGD8_A_16/TGS8_A_16/src/tgs8_a_16/Pegawai.java</file>
        </group>
    </open-files>
</project-private>
